http://www.bdg.ibge.gov.br/bdg/pdf/relatorio.asp?L1=;;;
;;;
;;;
;;;
;;;
;;;
;;;
;;;
;;;
Região;Unidade da Federação (UF);Latitude;Longitude
CENTRO-OESTE;DF;-15,9461897;-47,8842643
CENTRO-OESTE;DF;-15,5874563;-48,1143042
CENTRO-OESTE;DF;-15,9478000;-47,8769802
CENTRO-OESTE;DF;-15,9467635;-47,8786248
CENTRO-OESTE;DF;-15,9486497;-47,8781856
CENTRO-OESTE;DF;-15,9474753;-47,8778690
CENTRO-OESTE;DF;-15,7813644;-47,7906928
CENTRO-OESTE;DF;-15,9603608;-47,6369519
CENTRO-OESTE;DF;-15,6202190;-47,6723851
CENTRO-OESTE;DF;-16,0246319;-47,5457595
CENTRO-OESTE;DF;-15,5633432;-47,6591913
CENTRO-OESTE;DF;-15,5304971;-47,6254350
CENTRO-OESTE;DF;-15,8507793;-47,6240650
CENTRO-OESTE;DF;-15,7339082;-47,6616107
CENTRO-OESTE;DF;-16,0374104;-47,4139167
CENTRO-OESTE;DF;-15,7900531;-47,3805571
CENTRO-OESTE;DF;-15,6289667;-47,3566289
CENTRO-OESTE;DF;-15,9479968;-47,7123234
CENTRO-OESTE;DF;-15,9788127;-47,8195672
CENTRO-OESTE;DF;-15,5560420;-48,1959684
CENTRO-OESTE;DF;-16,0197671;-47,8008205
CENTRO-OESTE;DF;-15,6938435;-48,2169550
CENTRO-OESTE;DF;-15,6161161;-48,1979633
CENTRO-OESTE;DF;-15,9377469;-47,8075108
CENTRO-OESTE;DF;-15,9274337;-47,8337306
CENTRO-OESTE;DF;-15,6750795;-48,2039880
CENTRO-OESTE;GO;-13,2809365;-49,9540385
CENTRO-OESTE;GO;-15,8515438;-50,0923884
CENTRO-OESTE;GO;-15,3154720;-49,5833860
CENTRO-OESTE;GO;-14,7504254;-46,9629681
CENTRO-OESTE;GO;-14,8982864;-47,7386286
CENTRO-OESTE;GO;-13,3406232;-46,3759389
CENTRO-OESTE;GO;-14,0545757;-47,0762736
CENTRO-OESTE;GO;-14,4911083;-46,0623696
CENTRO-OESTE;GO;-14,1083063;-46,4120805
CENTRO-OESTE;GO;-14,1157494;-46,7303777
CENTRO-OESTE;GO;-13,9836986;-46,8741615
CENTRO-OESTE;GO;-15,6838973;-49,3403456
CENTRO-OESTE;GO;-13,8875283;-49,0554256
CENTRO-OESTE;GO;-15,2207155;-48,5280176
CENTRO-OESTE;GO;-17,9262043;-47,8089919
CENTRO-OESTE;GO;-17,5824495;-47,8174121
CENTRO-OESTE;GO;-17,2005422;-47,7409823
CENTRO-OESTE;GO;-17,5671427;-48,4380059
CENTRO-OESTE;GO;-17,4435609;-48,2078916
CENTRO-OESTE;GO;-18,2690763;-48,5617577
CENTRO-OESTE;GO;-18,1239448;-48,3950397
CENTRO-OESTE;GO;-17,9388865;-48,0783830
CENTRO-OESTE;GO;-13,4419353;-47,1484626
CENTRO-OESTE;GO;-16,5663485;-47,7910484
CENTRO-OESTE;GO;-16,2026745;-49,6039726
CENTRO-OESTE;GO;-16,4254536;-48,1928315
CENTRO-OESTE;GO;-17,8945006;-51,8617609
CENTRO-OESTE;GO;-18,0026049;-51,7718349
CENTRO-OESTE;GO;-17,7275465;-48,6154322
CENTRO-OESTE;GO;-17,9872536;-48,5352255
CENTRO-OESTE;GO;-17,9845900;-48,5326045
CENTRO-OESTE;GO;-17,9927717;-48,5290722
CENTRO-OESTE;GO;-14,1609415;-48,0755835
CENTRO-OESTE;GO;-14,1816189;-48,0762160
CENTRO-OESTE;GO;-13,7312729;-48,1401703
CENTRO-OESTE;GO;-16,6901934;-49,2534493
CENTRO-OESTE;GO;-13,3896454;-48,1562263
CENTRO-OESTE;GO;-14,5271076;-49,1053157
CENTRO-OESTE;GO;-13,8860227;-48,1507703
CENTRO-OESTE;GO;-15,8054768;-48,8760041
CENTRO-OESTE;GO;-18,3884081;-49,0687672
CENTRO-OESTE;GO;-17,1499275;-50,0174560
CENTRO-OESTE;GO;-18,2165898;-49,7374279
CENTRO-OESTE;GO;-18,7697159;-51,3481388
CENTRO-OESTE;GO;-17,5745672;-51,0908541
CENTRO-OESTE;GO;-17,1284195;-51,2242959
CENTRO-OESTE;GO;-17,3572168;-52,6794130
CENTRO-OESTE;GO;-15,8644467;-50,8691884
CENTRO-OESTE;GO;-15,9338721;-50,1400324
CENTRO-OESTE;GO;-15,8051168;-50,1207567
CENTRO-OESTE;GO;-14,9525993;-50,5783406
CENTRO-OESTE;GO;-14,4931662;-50,0644912
CENTRO-OESTE;GO;-13,2729941;-50,1625731
CENTRO-OESTE;GO;-16,9311748;-48,3707941
CENTRO-OESTE;GO;-13,4352651;-49,1445341
CENTRO-OESTE;GO;-16,5884707;-50,0688146
CENTRO-OESTE;GO;-14,7592203;-50,5390400
CENTRO-OESTE;GO;-15,2671046;-51,1792235
CENTRO-OESTE;GO;-16,3936256;-51,0633944
CENTRO-OESTE;GO;-16,4384472;-51,8137488
CENTRO-OESTE;GO;-18,1251592;-51,8937613
CENTRO-OESTE;GO;-18,6983103;-52,0729095
CENTRO-OESTE;GO;-16,9420884;-51,8113915
CENTRO-OESTE;GO;-18,9994247;-50,5407522
CENTRO-OESTE;GO;-17,7044222;-49,4769319
CENTRO-OESTE;GO;-17,6913970;-49,8132790
CENTRO-OESTE;GO;-17,3077091;-49,3907082
CENTRO-OESTE;GO;-17,3008295;-48,2933367
CENTRO-OESTE;GO;-17,7396131;-48,1618071
CENTRO-OESTE;GO;-18,1473701;-48,0513824
CENTRO-OESTE;GO;-17,4285876;-47,7972949
CENTRO-OESTE;GO;-17,8364945;-47,7728999
CENTRO-OESTE;GO;-17,1349996;-48,8283961
CENTRO-OESTE;GO;-17,3970426;-50,3799676
CENTRO-OESTE;GO;-16,9008110;-49,6404910
CENTRO-OESTE;GO;-17,8883814;-48,5737009
CENTRO-OESTE;GO;-17,9724064;-48,6390481
CENTRO-OESTE;GO;-17,6464032;-48,7062057
CENTRO-OESTE;GO;-17,0928052;-49,8597337
CENTRO-OESTE;GO;-18,5625314;-51,1342254
CENTRO-OESTE;GO;-18,7611906;-50,9432720
CENTRO-OESTE;GO;-18,1815010;-49,2907981
CENTRO-OESTE;GO;-18,0079187;-49,3625821
CENTRO-OESTE;GO;-17,7956398;-49,5771597
CENTRO-OESTE;GO;-16,7572608;-49,1250029
CENTRO-OESTE;GO;-16,8167150;-49,0557196
CENTRO-OESTE;GO;-16,7927906;-49,5063544
CENTRO-OESTE;GO;-16,6250165;-49,0652070
CENTRO-OESTE;GO;-16,6198103;-48,9691351
CENTRO-OESTE;GO;-16,8966370;-48,9877591
CENTRO-OESTE;GO;-17,0208302;-49,2220345
CENTRO-OESTE;GO;-16,9350334;-49,2527023
CENTRO-OESTE;GO;-14,3212326;-48,1699803
CENTRO-OESTE;GO;-15,1028702;-48,2305106
CENTRO-OESTE;GO;-14,9863130;-47,9967414
CENTRO-OESTE;GO;-14,2298767;-48,1440701
CENTRO-OESTE;GO;-14,4184397;-48,2304771
CENTRO-OESTE;GO;-14,2273135;-47,8937488
CENTRO-OESTE;GO;-14,4752230;-47,0951898
CENTRO-OESTE;GO;-14,5898449;-47,2706740
CENTRO-OESTE;GO;-14,0776199;-47,1088371
CENTRO-OESTE;GO;-14,0806965;-47,3090793
CENTRO-OESTE;GO;-14,7053497;-47,5251598
CENTRO-OESTE;GO;-13,9689871;-47,4845685
CENTRO-OESTE;GO;-13,2154432;-48,2073216
CENTRO-OESTE;GO;-15,7296886;-48,2481136
CENTRO-OESTE;GO;-15,5523336;-47,2809594
CENTRO-OESTE;MS;-20,4838974;-54,7875973
CENTRO-OESTE;MS;-20,0519893;-51,8461119
CENTRO-OESTE;MS;-20,5554049;-52,4999399
CENTRO-OESTE;MS;-19,6160841;-52,5099986
CENTRO-OESTE;MS;-20,4291822;-55,3191999
CENTRO-OESTE;MS;-19,7125195;-55,4112171
CENTRO-OESTE;MS;-20,0622463;-55,6364253
CENTRO-OESTE;MS;-19,7916007;-54,3674329
CENTRO-OESTE;MS;-20,0990615;-54,4381046
CENTRO-OESTE;MS;-17,9828990;-54,2264082
CENTRO-OESTE;MS;-18,8388303;-53,1363225
CENTRO-OESTE;MS;-20,7296133;-56,6278922
CENTRO-OESTE;MS;-21,6929126;-54,7075688
CENTRO-OESTE;MS;-21,6308651;-55,5696690
CENTRO-OESTE;MS;-22,4706279;-55,4009530
CENTRO-OESTE;MS;-23,4575066;-55,1586890
CENTRO-OESTE;MS;-23,5345678;-54,3953520
CENTRO-OESTE;MS;-22,6395328;-54,0414466
CENTRO-OESTE;MS;-22,3692595;-54,2089737
CENTRO-OESTE;MS;-21,6232648;-53,6517208
CENTRO-OESTE;MS;-21,8398860;-52,6732030
CENTRO-OESTE;MS;-18,1792446;-54,6376302
CENTRO-OESTE;MS;-19,0002814;-57,6296147
CENTRO-OESTE;MS;-22,4558418;-54,8404470
CENTRO-OESTE;MS;-23,2214146;-55,2073434
CENTRO-OESTE;MS;-23,6759591;-55,3945530
CENTRO-OESTE;MS;-23,9795908;-55,0403344
CENTRO-OESTE;MS;-23,7575801;-54,3060214
CENTRO-OESTE;MS;-20,4447090;-52,8760012
CENTRO-OESTE;MS;-20,4642502;-54,6163554
CENTRO-OESTE;MS;-20,8057486;-54,5186635
CENTRO-OESTE;MS;-21,9028542;-56,3510673
CENTRO-OESTE;MS;-22,1083031;-56,2235848
CENTRO-OESTE;MS;-21,9732704;-56,8069818
CENTRO-OESTE;MS;-21,6648489;-56,7321952
CENTRO-OESTE;MS;-20,4355585;-56,0312679
CENTRO-OESTE;MS;-19,4072178;-57,0483856
CENTRO-OESTE;MS;-19,5479063;-57,2354740
CENTRO-OESTE;MS;-19,1390702;-54,9223524
CENTRO-OESTE;MS;-19,1717264;-51,6174882
CENTRO-OESTE;MS;-19,5084414;-51,2797598
CENTRO-OESTE;MS;-19,9209130;-51,1312176
CENTRO-OESTE;MS;-20,4491986;-51,4999785
CENTRO-OESTE;MS;-20,6619624;-51,7949656
CENTRO-OESTE;MS;-21,3323731;-52,0946415
CENTRO-OESTE;MS;-21,0945664;-52,9792043
CENTRO-OESTE;MS;-22,2215134;-53,3321825
CENTRO-OESTE;MS;-21,5385493;-54,1764088
CENTRO-OESTE;MS;-23,0851100;-54,1930444
CENTRO-OESTE;MS;-21,2188462;-55,9137845
CENTRO-OESTE;MS;-21,2219607;-56,3417114
CENTRO-OESTE;MS;-19,2269605;-56,3711920
CENTRO-OESTE;MS;-19,3958717;-53,9203872
CENTRO-OESTE;MS;-19,3031769;-52,7373553
CENTRO-OESTE;MT;-12,6728393;-55,7943447
CENTRO-OESTE;MT;-10,1852017;-54,9458594
CENTRO-OESTE;MT;-13,8465854;-59,5563607
CENTRO-OESTE;MT;-10,0758203;-55,5863491
CENTRO-OESTE;MT;-09,9403054;-57,1338802
CENTRO-OESTE;MT;-09,9113691;-56,0510788
CENTRO-OESTE;MT;-11,5355114;-57,4182386
CENTRO-OESTE;MT;-11,2537184;-57,5083308
CENTRO-OESTE;MT;-11,5322438;-56,7579635
CENTRO-OESTE;MT;-11,0604319;-55,2727927
CENTRO-OESTE;MT;-13,6589473;-57,8914344
CENTRO-OESTE;MT;-11,4179684;-58,7598791
CENTRO-OESTE;MT;-11,5810037;-58,3305606
CENTRO-OESTE;MT;-11,6283397;-59,0777419
CENTRO-OESTE;MT;-13,6271376;-59,7459815
CENTRO-OESTE;MT;-14,0771718;-59,4362710
CENTRO-OESTE;MT;-12,8670893;-60,0636672
CENTRO-OESTE;MT;-13,7180915;-60,4856904
CENTRO-OESTE;MT;-11,0003828;-51,6253070
CENTRO-OESTE;MT;-10,1483208;-51,0901702
CENTRO-OESTE;MT;-10,4216295;-54,2472933
CENTRO-OESTE;MT;-15,5552630;-56,0698666
CENTRO-OESTE;MT;-15,5508491;-56,0558676
CENTRO-OESTE;MT;-15,5542953;-56,0688301
CENTRO-OESTE;MT;-15,5550094;-56,0706384
CENTRO-OESTE;MT;-15,5559585;-56,0702852
CENTRO-OESTE;MT;-17,0971805;-54,7608170
CENTRO-OESTE;MT;-15,7553217;-53,6179385
CENTRO-OESTE;MT;-15,4825401;-52,2031307
CENTRO-OESTE;MT;-13,1714680;-51,9201147
CENTRO-OESTE;MT;-11,7626086;-51,9614579
CENTRO-OESTE;MT;-10,5446818;-53,5831038
CENTRO-OESTE;MT;-16,7645773;-52,8376416
CENTRO-OESTE;MT;-10,5694516;-55,2060641
CENTRO-OESTE;MT;-09,9395448;-56,7301908
CENTRO-OESTE;MT;-14,3976704;-56,1102937
CENTRO-OESTE;MT;-15,0780090;-55,9948592
CENTRO-OESTE;MT;-16,0484687;-60,0615945
CENTRO-OESTE;MT;-15,3391685;-58,8698259
CENTRO-OESTE;MT;-11,9887645;-59,4279203
CENTRO-OESTE;MT;-12,9191203;-58,0465097
CENTRO-OESTE;MT;-14,4472217;-58,4211914
CENTRO-OESTE;MT;-15,6589788;-57,2704587
CENTRO-OESTE;MT;-16,1901133;-54,7846320
CENTRO-OESTE;MT;-15,6913561;-52,8057016
CENTRO-OESTE;MT;-14,8548304;-57,1899056
CENTRO-OESTE;MT;-16,1774733;-56,7402028
CENTRO-OESTE;MT;-16,4187588;-54,0770416
CENTRO-OESTE;MT;-15,3179954;-57,8735109
CENTRO-OESTE;MT;-14,5684430;-57,7381279
CENTRO-OESTE;MT;-14,6628918;-57,3336678
CENTRO-OESTE;MT;-14,7414398;-57,0525326
CENTRO-OESTE;MT;-14,5069836;-56,6542425
CENTRO-OESTE;MT;-15,4986519;-60,0822530
CENTRO-OESTE;MT;-15,9712881;-58,7722424
CENTRO-OESTE;MT;-15,8176434;-58,0874894
NORDESTE;AL;-09,5568293;-35,7793247
NORDESTE;AL;-09,0490492;-35,3914648
NORDESTE;AL;-09,3867758;-37,9913943
NORDESTE;AL;-09,1375759;-37,3153682
NORDESTE;AL;-08,9428768;-35,1740128
NORDESTE;AL;-09,2319023;-35,3495273
NORDESTE;AL;-09,2799240;-35,4536864
NORDESTE;AL;-09,6761413;-35,7188009
NORDESTE;AL;-09,5197849;-36,9875975
NORDESTE;AL;-09,7606541;-36,5067530
NORDESTE;AL;-09,3112041;-35,9455873
NORDESTE;BA;-12,0786699;-44,9996363
NORDESTE;BA;-13,2600054;-43,4212382
NORDESTE;BA;-14,0083512;-39,8695509
NORDESTE;BA;-14,2172134;-39,3160122
NORDESTE;BA;-13,6872217;-40,4105834
NORDESTE;BA;-13,5900817;-46,1175974
NORDESTE;BA;-13,7255249;-45,9435688
NORDESTE;BA;-14,0501097;-44,4878416
NORDESTE;BA;-14,1347909;-44,8231733
NORDESTE;BA;-14,2549072;-45,2874899
NORDESTE;BA;-14,7554696;-45,3951451
NORDESTE;BA;-12,9687402;-38,5202074
NORDESTE;BA;-13,2555584;-43,4217352
NORDESTE;BA;-13,2983001;-43,7403946
NORDESTE;BA;-12,6822414;-38,2899356
NORDESTE;BA;-12,5423854;-38,4613509
NORDESTE;BA;-13,0082727;-38,5116853
NORDESTE;BA;-14,2035484;-42,7576680
NORDESTE;BA;-14,2158143;-42,8431819
NORDESTE;BA;-13,3414050;-44,6372649
NORDESTE;BA;-13,3215095;-44,6361369
NORDESTE;BA;-12,1649782;-45,0086262
NORDESTE;BA;-09,6123565;-42,0925021
NORDESTE;BA;-09,5768209;-42,1313250
NORDESTE;BA;-09,4701429;-40,5445100
NORDESTE;BA;-09,4896271;-40,8081910
NORDESTE;BA;-09,4101911;-40,8163392
NORDESTE;BA;-09,4294855;-40,8266698
NORDESTE;BA;-12,8919745;-38,3159761
NORDESTE;BA;-12,8984334;-38,2972217
NORDESTE;BA;-12,9059635;-38,3032207
NORDESTE;BA;-12,9603128;-38,3966098
NORDESTE;BA;-12,9686387;-38,4106762
NORDESTE;BA;-12,9910896;-38,4399821
NORDESTE;BA;-12,9982313;-38,4461945
NORDESTE;BA;-13,0112491;-38,5079813
NORDESTE;BA;-13,0108293;-38,5239023
NORDESTE;BA;-12,9740034;-38,5145694
NORDESTE;BA;-12,9206071;-38,3535872
NORDESTE;BA;-12,9230627;-38,3601638
NORDESTE;BA;-13,0086699;-38,5123591
NORDESTE;BA;-12,9496288;-38,4321681
NORDESTE;BA;-12,9611990;-38,4336019
NORDESTE;BA;-12,9788417;-38,4653480
NORDESTE;BA;-12,9775918;-38,5025690
NORDESTE;BA;-12,9317533;-38,3910944
NORDESTE;BA;-12,9549196;-38,4286551
NORDESTE;BA;-11,0318338;-38,8109345
NORDESTE;BA;-10,5608273;-38,9900793
NORDESTE;BA;-09,8507260;-39,1432009
NORDESTE;BA;-11,0827216;-38,5091818
NORDESTE;BA;-09,9362676;-38,7482038
NORDESTE;BA;-10,0851945;-38,2827525
NORDESTE;BA;-10,5354930;-38,3840218
NORDESTE;BA;-10,7011982;-38,1989951
NORDESTE;BA;-10,2007593;-37,8673678
NORDESTE;BA;-10,8926479;-38,5099616
NORDESTE;BA;-12,0739443;-38,9696408
NORDESTE;BA;-11,6757042;-38,9961985
NORDESTE;BA;-12,1654128;-38,4757678
NORDESTE;BA;-12,6134014;-38,6555410
NORDESTE;BA;-12,9745676;-39,2250972
NORDESTE;BA;-11,5560898;-38,1339310
NORDESTE;BA;-11,6261229;-38,3013549
NORDESTE;BA;-12,6509431;-38,3387953
NORDESTE;BA;-14,2140654;-39,5219478
NORDESTE;BA;-13,8779983;-40,0695030
NORDESTE;BA;-12,2392360;-38,9797852
NORDESTE;BA;-12,9462672;-38,4228761
NORDESTE;BA;-12,2169064;-37,8324808
NORDESTE;BA;-12,9738338;-38,5174020
NORDESTE;BA;-12,9738984;-38,5172499
NORDESTE;BA;-13,6404561;-39,4874341
NORDESTE;BA;-15,2419476;-40,3270233
NORDESTE;BA;-15,9664204;-39,5265592
NORDESTE;BA;-17,0264772;-39,5400086
NORDESTE;BA;-18,0774283;-39,5453923
NORDESTE;BA;-11,7967665;-39,4105867
NORDESTE;BA;-10,6658780;-39,5183272
NORDESTE;BA;-11,3626337;-40,0135401
NORDESTE;BA;-11,9590189;-40,1676435
NORDESTE;BA;-13,4124647;-44,7209567
NORDESTE;BA;-12,7935782;-45,9517289
NORDESTE;BA;-12,4303571;-45,0843849
NORDESTE;BA;-12,7091994;-44,5658912
NORDESTE;BA;-11,5026769;-44,9571251
NORDESTE;BA;-10,8714528;-45,1451296
NORDESTE;BA;-11,8656927;-42,6989047
NORDESTE;BA;-12,9549689;-38,4283780
NORDESTE;BA;-14,6014685;-41,1626376
NORDESTE;BA;-14,5961249;-41,2394554
NORDESTE;BA;-14,5575637;-41,1555372
NORDESTE;BA;-14,4028071;-41,1148744
NORDESTE;BA;-14,3028851;-41,1503790
NORDESTE;BA;-14,2058803;-41,2073141
NORDESTE;BA;-14,0804289;-41,1865339
NORDESTE;BA;-13,9901660;-41,1367571
NORDESTE;BA;-10,8375283;-40,1129166
NORDESTE;BA;-10,2360891;-40,2039409
NORDESTE;BA;-11,0594404;-42,3108742
NORDESTE;BA;-10,8990594;-42,7242355
NORDESTE;BA;-12,1717232;-43,1984607
NORDESTE;BA;-12,3655276;-42,4567360
NORDESTE;BA;-12,9841400;-44,0492014
NORDESTE;BA;-13,6096439;-42,9410015
NORDESTE;BA;-13,7686736;-42,7210529
NORDESTE;BA;-13,5949831;-41,3673194
NORDESTE;BA;-14,1200692;-40,2301735
NORDESTE;BA;-13,8508161;-41,0643108
NORDESTE;BA;-13,7258124;-40,9789985
NORDESTE;BA;-13,6805145;-40,9103314
NORDESTE;BA;-13,6148186;-40,8008254
NORDESTE;BA;-13,5382534;-40,6531872
NORDESTE;BA;-13,5362179;-40,5541249
NORDESTE;BA;-13,6125856;-40,4776933
NORDESTE;BA;-13,6950820;-40,3925343
NORDESTE;BA;-13,7480961;-40,2985502
NORDESTE;BA;-13,8329311;-40,1999269
NORDESTE;BA;-13,8834425;-40,0323849
NORDESTE;BA;-13,8555832;-40,1819365
NORDESTE;BA;-15,0982211;-39,9958874
NORDESTE;BA;-14,2096737;-42,0894529
NORDESTE;BA;-12,1346806;-39,3381197
NORDESTE;BA;-11,9589688;-37,9530835
NORDESTE;BA;-11,8204500;-37,6353044
NORDESTE;BA;-09,7217988;-38,2372965
NORDESTE;BA;-11,1703175;-40,5412291
NORDESTE;BA;-14,0087032;-39,9074563
NORDESTE;BA;-14,0508989;-39,8122570
NORDESTE;BA;-14,1445066;-39,7147333
NORDESTE;BA;-14,1958804;-39,6258377
NORDESTE;BA;-12,9680114;-38,5202266
NORDESTE;BA;-12,9738813;-38,5172273
NORDESTE;BA;-12,9734804;-38,5148774
NORDESTE;BA;-12,9688599;-38,5125574
NORDESTE;BA;-11,1990707;-38,8718032
NORDESTE;BA;-09,0765876;-39,0369313
NORDESTE;BA;-17,4058741;-40,2222030
NORDESTE;BA;-14,6158795;-42,3237881
NORDESTE;BA;-13,6853605;-44,4654682
NORDESTE;BA;-13,5137764;-44,2501460
NORDESTE;BA;-14,5983630;-39,3321882
NORDESTE;BA;-11,6772093;-40,8509281
NORDESTE;BA;-11,5541203;-40,6880959
NORDESTE;BA;-12,1366918;-40,3600203
NORDESTE;BA;-12,4574411;-41,6416379
NORDESTE;BA;-15,0520092;-38,9986427
NORDESTE;BA;-14,7716447;-39,0258580
NORDESTE;BA;-14,4171008;-39,3264977
NORDESTE;BA;-14,7428369;-39,0803203
NORDESTE;BA;-14,5991652;-41,3040823
NORDESTE;BA;-14,5574557;-41,4074530
NORDESTE;BA;-14,4366787;-41,4651752
NORDESTE;BA;-14,3280404;-41,5275075
NORDESTE;BA;-14,2605676;-41,5982062
NORDESTE;BA;-14,2552336;-41,7562511
NORDESTE;BA;-14,2489239;-41,8539219
NORDESTE;BA;-14,2297663;-41,9416509
NORDESTE;BA;-14,1795252;-42,1678718
NORDESTE;BA;-14,1671656;-42,2674031
NORDESTE;BA;-14,1429595;-42,3781290
NORDESTE;BA;-14,0748741;-42,4565097
NORDESTE;BA;-13,9923031;-42,5412698
NORDESTE;BA;-13,7970553;-42,6586719
NORDESTE;BA;-13,6936839;-42,8506689
NORDESTE;BA;-13,4758433;-43,1101348
NORDESTE;BA;-13,5491387;-43,0157805
NORDESTE;BA;-13,4062364;-43,2123888
NORDESTE;BA;-13,3431297;-43,3030152
NORDESTE;BA;-13,2506972;-43,3732115
NORDESTE;BA;-13,2609990;-43,5182940
NORDESTE;BA;-13,2804394;-43,6758609
NORDESTE;BA;-13,3187446;-43,8244921
NORDESTE;BA;-13,3322880;-43,8819775
NORDESTE;BA;-13,3673499;-43,9933537
NORDESTE;BA;-13,4048365;-44,1544355
NORDESTE;BA;-14,9738021;-41,0126409
NORDESTE;BA;-15,0662184;-41,9582631
NORDESTE;BA;-16,5713423;-39,5593939
NORDESTE;BA;-16,3733023;-39,3065159
NORDESTE;BA;-16,4194983;-39,1353845
NORDESTE;BA;-16,1556851;-38,9642126
NORDESTE;BA;-15,6384457;-38,9904868
NORDESTE;BA;-15,3222570;-39,0534429
NORDESTE;BA;-15,9913110;-39,5145424
NORDESTE;BA;-17,4081451;-39,2272692
NORDESTE;BA;-17,5521681;-39,2141022
NORDESTE;BA;-17,7404723;-39,2416572
NORDESTE;BA;-10,0068610;-43,4323849
NORDESTE;BA;-09,6975015;-43,1606598
NORDESTE;BA;-13,8712770;-40,0991105
NORDESTE;CE;-03,7457342;-38,5821234
NORDESTE;CE;-03,7457852;-38,5824357
NORDESTE;CE;-03,8159960;-38,4257152
NORDESTE;CE;-03,8775329;-38,4256165
NORDESTE;CE;-03,8778173;-38,4268834
NORDESTE;CE;-03,7694087;-38,4751625
NORDESTE;CE;-03,7682765;-38,4752785
NORDESTE;CE;-03,7664353;-38,4791234
NORDESTE;CE;-03,7474029;-38,4496624
NORDESTE;CE;-03,8285906;-39,2660271
NORDESTE;CE;-03,7746647;-39,2375558
NORDESTE;CE;-04,3628675;-38,8020014
NORDESTE;CE;-04,3722968;-38,8179354
NORDESTE;CE;-04,4784261;-39,0778019
NORDESTE;CE;-04,2050940;-38,2274440
NORDESTE;CE;-04,1209354;-38,2653366
NORDESTE;CE;-03,6890955;-40,3418923
NORDESTE;CE;-03,7069254;-40,3591297
NORDESTE;CE;-03,0340177;-41,2438619
NORDESTE;CE;-03,1285829;-40,1458390
NORDESTE;CE;-03,1420357;-40,0852634
NORDESTE;CE;-04,1576290;-40,7701571
NORDESTE;CE;-04,1995232;-40,7589543
NORDESTE;CE;-03,7476803;-38,5772920
NORDESTE;CE;-07,2380187;-39,4156055
NORDESTE;CE;-07,2386367;-39,4153150
NORDESTE;CE;-07,0935272;-39,6790958
NORDESTE;CE;-07,2168025;-39,2729642
NORDESTE;CE;-07,3089348;-39,5592178
NORDESTE;CE;-06,8741215;-39,5041493
NORDESTE;CE;-06,7912907;-39,3056817
NORDESTE;CE;-03,6929296;-38,5866901
NORDESTE;CE;-04,7834587;-40,0748106
NORDESTE;CE;-04,7414067;-40,1318100
NORDESTE;CE;-05,2017682;-40,6870398
NORDESTE;CE;-05,2196130;-40,5905391
NORDESTE;CE;-06,2149909;-40,6859898
NORDESTE;CE;-06,2276416;-40,6753770
NORDESTE;CE;-05,5810758;-39,3634060
NORDESTE;CE;-05,5891932;-39,3774708
NORDESTE;CE;-04,9787752;-39,0188824
NORDESTE;CE;-04,9715750;-39,0280925
NORDESTE;CE;-07,0984172;-40,3848971
NORDESTE;CE;-07,0845148;-40,3163345
NORDESTE;CE;-06,0102286;-38,3893895
NORDESTE;CE;-06,0132435;-38,3312479
NORDESTE;CE;-04,9481991;-37,9923205
NORDESTE;CE;-04,9708973;-38,0094915
NORDESTE;CE;-07,6917216;-39,0090996
NORDESTE;CE;-07,1871037;-38,7733152
NORDESTE;CE;-07,2448903;-39,3070587
NORDESTE;CE;-06,7942169;-39,2922151
NORDESTE;CE;-05,5697378;-39,3556547
NORDESTE;CE;-06,0906034;-39,4606656
NORDESTE;CE;-06,6499345;-38,6963967
NORDESTE;CE;-06,4064931;-38,8623024
NORDESTE;CE;-05,9007457;-38,6309243
NORDESTE;CE;-06,0045381;-40,2986314
NORDESTE;CE;-05,5406922;-40,7698184
NORDESTE;CE;-05,2117237;-40,7023208
NORDESTE;CE;-04,7945799;-40,0630167
NORDESTE;CE;-04,7084092;-40,5584685
NORDESTE;CE;-06,3498595;-39,2929492
NORDESTE;CE;-04,9365198;-37,9836991
NORDESTE;CE;-04,9799477;-38,9893750
NORDESTE;CE;-04,3472334;-39,3010616
NORDESTE;CE;-04,8473891;-39,5764766
NORDESTE;CE;-03,8474937;-38,6091916
NORDESTE;CE;-02,9190886;-39,9188997
NORDESTE;CE;-04,5789117;-38,3671996
NORDESTE;CE;-03,7262167;-38,4746122
NORDESTE;CE;-03,7941792;-38,5575733
NORDESTE;CE;-03,7146096;-38,4768301
NORDESTE;CE;-03,7437880;-38,6193784
NORDESTE;CE;-03,3729172;-39,2945050
NORDESTE;CE;-03,7145980;-38,4768164
NORDESTE;CE;-03,7063392;-38,4732003
NORDESTE;CE;-03,7577928;-39,7425507
NORDESTE;CE;-03,1906708;-40,7409697
NORDESTE;CE;-03,8365114;-40,9400402
NORDESTE;CE;-04,4631636;-40,1605561
NORDESTE;CE;-05,1829736;-38,4470646
NORDESTE;CE;-05,5427322;-38,2766349
NORDESTE;CE;-04,6875218;-37,3945950
NORDESTE;CE;-03,7466009;-38,5725667
NORDESTE;CE;-05,4420107;-40,0393579
NORDESTE;CE;-06,5432417;-39,8998918
NORDESTE;MA;-04,2468169;-46,1990481
NORDESTE;MA;-02,3199256;-44,3691720
NORDESTE;MA;-02,3154024;-44,3691719
NORDESTE;MA;-02,3176639;-44,3680481
NORDESTE;MA;-05,4922498;-47,4958125
NORDESTE;MA;-05,4918805;-47,4983281
NORDESTE;MA;-05,4898647;-47,4980773
NORDESTE;MA;-05,4902265;-47,4956034
NORDESTE;MA;-05,4765064;-47,4995912
NORDESTE;MA;-05,4745877;-47,4845662
NORDESTE;MA;-03,0563558;-45,6384215
NORDESTE;MA;-04,0217065;-45,7544524
NORDESTE;MA;-03,9093155;-45,5897663
NORDESTE;MA;-04,1188444;-44,1276045
NORDESTE;MA;-04,2473061;-43,0166774
NORDESTE;MA;-04,8127882;-43,3443066
NORDESTE;MA;-05,3457439;-44,4752223
NORDESTE;MA;-07,0430844;-44,6002541
NORDESTE;MA;-06,8974151;-46,1726959
NORDESTE;MA;-05,7687042;-46,0704395
NORDESTE;MA;-04,4751655;-46,8550948
NORDESTE;MA;-02,1824225;-45,8730146
NORDESTE;MA;-03,5796313;-44,6581794
NORDESTE;MA;-03,7331586;-43,4577882
NORDESTE;MA;-09,3957903;-46,2383495
NORDESTE;MA;-08,7712096;-45,9365173
NORDESTE;MA;-06,1564279;-44,0167705
NORDESTE;MA;-05,6059365;-46,2380222
NORDESTE;MA;-04,7507793;-44,3314484
NORDESTE;MA;-04,6416849;-44,8127288
NORDESTE;MA;-04,2224339;-44,7599803
NORDESTE;MA;-03,1929129;-45,0181919
NORDESTE;MA;-02,6990915;-44,8566372
NORDESTE;MA;-03,5233115;-43,9645839
NORDESTE;MA;-03,1470852;-43,3208889
NORDESTE;MA;-02,7963864;-42,3699079
NORDESTE;MA;-05,5249687;-43,3196365
NORDESTE;MA;-04,5379943;-44,0269333
NORDESTE;MA;-04,9283585;-43,1849306
NORDESTE;MA;-03,6728385;-42,8552075
NORDESTE;PB;-06,7832581;-35,9753231
NORDESTE;PB;-07,3561251;-35,6212152
NORDESTE;PB;-07,1585891;-36,7965350
NORDESTE;PB;-06,7698148;-37,7961460
NORDESTE;PB;-07,3538393;-38,1497288
NORDESTE;PB;-06,3915500;-36,4471298
NORDESTE;PB;-07,8041210;-36,6858822
NORDESTE;PB;-07,7634377;-36,3504244
NORDESTE;PB;-07,4386006;-35,9012368
NORDESTE;PB;-06,6647384;-35,3516875
NORDESTE;PB;-07,2644634;-37,1240484
NORDESTE;PB;-07,1254172;-34,9439178
NORDESTE;PE;-09,3650328;-40,5651529
NORDESTE;PE;-08,0509638;-34,9515164
NORDESTE;PE;-08,3071419;-35,0722694
NORDESTE;PE;-08,3641074;-35,2151265
NORDESTE;PE;-08,3067792;-35,2555933
NORDESTE;PE;-08,1543402;-35,2639372
NORDESTE;PE;-08,0584701;-34,9522852
NORDESTE;PE;-08,8859643;-40,2281857
NORDESTE;PE;-08,0866934;-39,4141126
NORDESTE;PE;-08,6751524;-39,7517454
NORDESTE;PE;-08,6246820;-38,6401218
NORDESTE;PE;-08,6146288;-39,0952765
NORDESTE;PE;-08,3599236;-37,2735456
NORDESTE;PE;-08,3751995;-39,0483434
NORDESTE;PE;-07,7086920;-37,6052032
NORDESTE;PE;-08,2257296;-35,9317550
NORDESTE;PE;-08,9820709;-36,8309028
NORDESTE;PE;-07,5696810;-35,3950459
NORDESTE;PE;-08,6039494;-40,0508920
NORDESTE;PE;-08,5939062;-35,1127784
NORDESTE;PE;-08,5155620;-40,6323779
NORDESTE;PE;-07,6885240;-39,8042703
NORDESTE;PE;-08,2270128;-39,3772227
NORDESTE;PE;-07,9273546;-38,9701709
NORDESTE;PE;-08,2208153;-35,4489714
NORDESTE;PE;-08,7680229;-36,2498650
NORDESTE;PE;-08,3699959;-36,5944875
NORDESTE;PE;-08,6888124;-37,8651796
NORDESTE;PE;-07,9918813;-38,2986920
NORDESTE;PE;-08,0631629;-34,8711388
NORDESTE;PI;-03,0737419;-41,2632702
NORDESTE;PI;-08,1938725;-43,7557782
NORDESTE;PI;-06,9943136;-41,3663118
NORDESTE;PI;-07,8858017;-41,8908994
NORDESTE;PI;-09,0158317;-42,8305088
NORDESTE;PI;-08,0870746;-42,9512880
NORDESTE;PI;-09,0588068;-44,3151604
NORDESTE;PI;-10,1123917;-44,2175616
NORDESTE;PI;-10,5195259;-45,1884866
NORDESTE;PI;-09,8253779;-45,3347224
NORDESTE;PI;-06,7684298;-43,0193867
NORDESTE;PI;-07,3947724;-44,5789416
NORDESTE;PI;-07,3537629;-40,7632923
NORDESTE;PI;-08,1036939;-41,0739237
NORDESTE;PI;-06,2638036;-41,4040543
NORDESTE;PI;-06,4777445;-42,3397745
NORDESTE;PI;-05,5880675;-42,6141566
NORDESTE;PI;-04,9703156;-42,3741927
NORDESTE;PI;-05,4667251;-41,3429863
NORDESTE;PI;-03,8394440;-42,4178133
NORDESTE;PI;-02,9585492;-41,7194276
NORDESTE;PI;-03,8999000;-41,7109599
NORDESTE;PI;-08,8683602;-42,7557177
NORDESTE;PI;-08,4401689;-43,8838367
NORDESTE;PI;-09,4669917;-44,6572421
NORDESTE;PI;-07,6892752;-43,9127612
NORDESTE;PI;-07,2363465;-43,9147728
NORDESTE;PI;-04,4905399;-41,4071166
NORDESTE;PI;-10,3521499;-44,7470936
NORDESTE;PI;-10,0180976;-45,3059651
NORDESTE;PI;-05,9487934;-43,0664297
NORDESTE;PI;-06,4399678;-41,8530846
NORDESTE;PI;-06,0052839;-42,3194005
NORDESTE;PI;-04,7829146;-42,1181889
NORDESTE;PI;-05,4740695;-42,0028922
NORDESTE;PI;-03,2099713;-41,8295424
NORDESTE;PI;-06,7543326;-43,5626595
NORDESTE;PI;-07,1303974;-42,5570735
NORDESTE;PI;-07,5928167;-42,5741690
NORDESTE;PI;-08,5455136;-42,3213110
NORDESTE;PI;-07,6402997;-41,2711242
NORDESTE;PI;-07,1138425;-41,7619803
NORDESTE;PI;-07,2071517;-43,1373332
NORDESTE;PI;-06,6170793;-40,8611391
NORDESTE;RN;-05,0631418;-37,1615551
NORDESTE;RN;-05,2940845;-36,8775877
NORDESTE;RN;-05,5534502;-36,9144851
NORDESTE;RN;-05,6755254;-36,6281507
NORDESTE;RN;-06,1445451;-36,8108392
NORDESTE;RN;-06,6349366;-37,3551119
NORDESTE;RN;-06,5823721;-36,8129572
NORDESTE;RN;-05,1645239;-37,4256132
NORDESTE;RN;-05,7889389;-37,5595585
NORDESTE;RN;-05,9248339;-36,6395353
NORDESTE;RN;-05,5610114;-35,7411057
NORDESTE;RN;-06,1161933;-35,6799947
NORDESTE;RN;-06,2212159;-37,9184559
NORDESTE;RN;-05,3012779;-37,5597673
NORDESTE;RN;-06,0621134;-35,3090602
NORDESTE;RN;-05,2445577;-36,3838624
NORDESTE;SE;-11,1109666;-37,8483687
NORDESTE;SE;-10,4428252;-37,4609810
NORDESTE;SE;-10,9434083;-37,1996160
NORDESTE;SE;-09,9860996;-37,0951393
NORTE;AM;-07,8359766;-62,2940884
NORTE;AM;-04,8818032;-61,4369289
NORTE;AM;-08,2512707;-63,9312163
NORTE;AM;-03,1161504;-60,0560307
NORTE;AM;-03,2953633;-60,6279734
NORTE;AM;-07,2609416;-64,7990473
NORTE;AM;-01,3165296;-60,3897338
NORTE;AM;-07,5061763;-63,0207813
NORTE;AM;-07,5503047;-63,0775949
NORTE;AM;-06,9289126;-63,0808001
NORTE;AM;-06,3239957;-62,7720486
NORTE;AM;-05,7266165;-62,2707410
NORTE;AM;-04,7131758;-61,2933325
NORTE;AM;-03,6213646;-60,2411539
NORTE;AM;-04,2220353;-60,8222395
NORTE;AM;-06,8883092;-59,2476753
NORTE;AM;-06,6995438;-58,8672984
NORTE;AM;-07,1224661;-59,7678274
NORTE;AM;-07,4494912;-60,4645215
NORTE;AM;-08,0021435;-61,7482055
NORTE;AM;-07,5923638;-62,7470432
NORTE;AP;00,0514336;-51,0693884
NORTE;AP;00,0468746;-51,0713582
NORTE;AP;-00,0573427;-51,1806468
NORTE;AP;-00,0542158;-51,1802089
NORTE;AP;-00,0412609;-51,1679334
NORTE;AP;-00,0608744;-51,1601337
NORTE;AP;00,2306183;-51,1008749
NORTE;AP;00,5314639;-50,9428952
NORTE;AP;00,7803048;-51,9501219
NORTE;AP;-00,3376452;-51,9006879
NORTE;AP;-00,1148459;-51,2900103
NORTE;AP;00,1365347;-51,1403717
NORTE;AP;00,3180537;-51,0858763
NORTE;AP;00,5662297;-51,1515077
NORTE;AP;00,6397434;-51,6082187
NORTE;AP;00,6912548;-51,3745440
NORTE;AP;00,8661267;-51,1982069
NORTE;AP;01,3013823;-50,9504946
NORTE;AP;01,0735072;-51,0697598
NORTE;AP;01,5403588;-50,9119954
NORTE;AP;01,8075672;-50,8780283
NORTE;AP;02,0721980;-50,8971007
NORTE;AP;02,3018386;-50,9617402
NORTE;AP;02,8413308;-51,3985316
NORTE;AP;02,6039996;-51,3324455
NORTE;AP;02,4834309;-51,0333107
NORTE;AP;03,5368501;-51,7678688
NORTE;AP;03,3147285;-51,6304826
NORTE;AP;03,1235862;-51,4989370
NORTE;AP;01,0970426;-52,3839135
NORTE;AP;01,0254437;-52,2711472
NORTE;AP;00,8556887;-52,0268458
NORTE;AP;00,6460008;-51,8384485
NORTE;AP;-00,0916506;-51,7330449
NORTE;AP;-00,4572253;-52,1210950
NORTE;AP;-00,5969154;-52,3289843
NORTE;AP;-00,7086175;-52,3856456
NORTE;AP;03,8286244;-51,7962377
NORTE;AP;00,5756525;-50,8097469
NORTE;AP;00,6836984;-50,8005974
NORTE;AP;00,5995913;-50,7044338
NORTE;AP;00,0719051;-51,4401293
NORTE;AP;00,2168214;-51,2929429
NORTE;AP;-00,2219593;-51,4318978
NORTE;AP;00,8430157;-51,1848259
NORTE;AP;01,4237010;-50,9227805
NORTE;AP;01,7653781;-50,8823247
NORTE;AP;02,3731952;-50,9638186
NORTE;AP;00,5761098;-50,7383778
NORTE;AP;00,7040196;-51,4231331
NORTE;AP;00,9014429;-52,0023364
NORTE;AP;-00,0609906;-51,1686586
NORTE;AP;00,0313200;-51,0506521
NORTE;AP;00,0050782;-51,0728090
NORTE;AP;00,4007371;-50,8387727
NORTE;AP;00,2162946;-51,0186586
NORTE;AP;00,1453059;-51,5877319
NORTE;AP;00,2362491;-51,3217742
NORTE;AP;00,0838776;-51,0795552
NORTE;AP;00,0098533;-51,6368133
NORTE;AP;-00,0904522;-51,4345979
NORTE;AP;-00,8219678;-52,5156586
NORTE;AP;-00,0613814;-51,1679541
NORTE;AP;-00,0595851;-51,1664823
NORTE;AP;-00,0544623;-51,1672668
NORTE;AP;-00,0616116;-51,1673432
NORTE;AP;-00,0531537;-51,1799056
NORTE;PA;-07,1424019;-55,3822311
NORTE;PA;-06,8353307;-49,5828738
NORTE;PA;-05,2458647;-57,1159259
NORTE;PA;-01,2975177;-47,9498164
NORTE;PA;-08,6223020;-50,4379198
NORTE;PA;-09,5304718;-50,7651635
NORTE;PA;-01,7248839;-48,8896399
NORTE;PA;-02,4263540;-54,7013490
NORTE;PA;-08,2397427;-49,5300430
NORTE;PA;-05,0696680;-56,1574620
NORTE;PA;-01,5825504;-48,0163632
NORTE;PA;-02,9925036;-47,3632709
NORTE;PA;-03,3537094;-52,6230181
NORTE;PA;-04,1247235;-54,9517693
NORTE;PA;-04,2676744;-56,0493243
NORTE;PA;-04,3439913;-55,9608506
NORTE;PA;-02,0137408;-47,6981028
NORTE;PA;-01,9968783;-47,9448902
NORTE;PA;-06,2764133;-57,9011120
NORTE;PA;-08,7369998;-54,9650752
NORTE;PA;-05,2504458;-49,0609162
NORTE;PA;-02,4551184;-48,7407425
NORTE;PA;-01,2111363;-47,1464999
NORTE;PA;-04,2721533;-49,9251109
NORTE;RO;-10,8792360;-61,9458179
NORTE;RO;-08,7405440;-63,9032861
NORTE;RO;-09,9286931;-63,0588031
NORTE;RO;-09,3228946;-64,6239921
NORTE;RO;-10,7903055;-65,3455528
NORTE;RO;-09,7844634;-66,4411904
NORTE;RO;-09,6912746;-65,3747471
NORTE;RO;-10,3610482;-65,3160175
NORTE;RO;-09,3681220;-63,1341946
NORTE;RO;-10,5925629;-62,3527982
NORTE;RR;04,4824489;-61,1482342
NORTE;RR;02,8559679;-60,6975809
NORTE;RR;01,8054318;-61,1506179
NORTE;RR;03,5604694;-60,9391540
NORTE;RR;03,6794942;-60,9823234
NORTE;RR;03,8225452;-60,9958349
NORTE;RR;03,9463730;-61,0236637
NORTE;RR;04,0932200;-61,0390556
NORTE;RR;04,2108583;-61,0127386
NORTE;RR;04,3053206;-61,0804729
NORTE;RR;04,4059220;-61,1642438
NORTE;RR;-00,0747169;-60,6971391
NORTE;RR;01,0875092;-60,3855152
NORTE;RR;01,3115568;-60,5732685
NORTE;RR;01,8295084;-61,1318197
NORTE;RR;00,9261501;-59,8183014
NORTE;TO;-11,5867011;-48,6729182
NORTE;TO;-12,2186189;-47,2968241
NORTE;TO;-11,6484419;-47,4016012
NORTE;TO;-12,1842216;-46,4560714
NORTE;TO;-12,7287279;-46,4671767
NORTE;TO;-10,4318647;-48,9988595
NORTE;TO;-12,6762688;-50,5912982
NORTE;TO;-12,2898137;-48,2392581
NORTE;TO;-12,6213725;-47,8861538
NORTE;TO;-12,7437272;-48,2374296
NORTE;TO;-12,4210016;-48,6240231
NORTE;TO;-12,9143030;-46,9537749
NORTE;TO;-11,7925663;-46,9062941
NORTE;TO;-10,9311899;-48,5230495
NORTE;TO;-09,5654998;-46,6165731
NORTE;TO;-09,7648506;-48,7034962
NORTE;TO;-08,3120890;-49,2029983
NORTE;TO;-05,7273930;-48,1173495
NORTE;TO;-07,5502670;-48,4164369
NORTE;TO;-11,6001820;-50,5704365
SUDESTE;ES;-20,7956487;-40,8094166
SUDESTE;ES;-20,2331376;-40,2753731
SUDESTE;ES;-20,2124997;-40,2680291
SUDESTE;ES;-19,3908232;-40,0732861
SUDESTE;ES;-18,7117171;-39,8761929
SUDESTE;ES;-18,1331624;-40,3636408
SUDESTE;ES;-18,7505876;-40,8897362
SUDESTE;ES;-19,8874530;-40,8675409
SUDESTE;ES;-18,3806063;-40,8195724
SUDESTE;ES;-20,7495066;-41,4731220
SUDESTE;ES;-20,7697657;-41,1627492
SUDESTE;ES;-19,0514920;-40,0292262
SUDESTE;ES;-19,9341059;-40,6008784
SUDESTE;ES;-21,1152472;-41,0255310
SUDESTE;ES;-20,2568888;-41,3639231
SUDESTE;ES;-20,3820900;-41,0234736
SUDESTE;ES;-19,6316457;-40,2262725
SUDESTE;ES;-19,4809574;-40,6763398
SUDESTE;MG;-16,1887985;-43,0997479
SUDESTE;MG;-19,7620378;-48,1015818
SUDESTE;MG;-16,1825643;-40,6934616
SUDESTE;MG;-15,6242188;-46,4223333
SUDESTE;MG;-16,3327763;-47,1162918
SUDESTE;MG;-17,8425669;-46,3371328
SUDESTE;MG;-15,0578703;-46,5000032
SUDESTE;MG;-16,2678288;-46,6614071
SUDESTE;MG;-16,6920798;-46,5242413
SUDESTE;MG;-21,4752155;-43,1255680
SUDESTE;MG;-20,6601721;-43,7859457
SUDESTE;MG;-20,1510138;-47,2800190
SUDESTE;MG;-20,2882108;-47,0665740
SUDESTE;MG;-20,2867725;-47,0659148
SUDESTE;MG;-20,2863026;-47,0668528
SUDESTE;MG;-20,2862672;-47,0642366
SUDESTE;MG;-20,2856162;-47,0672158
SUDESTE;MG;-20,2756627;-47,0789592
SUDESTE;MG;-20,2835598;-47,0643935
SUDESTE;MG;-20,6637603;-46,3166536
SUDESTE;MG;-20,6652893;-46,3207131
SUDESTE;MG;-20,3572240;-47,0360243
SUDESTE;MG;-20,3198918;-47,0882033
SUDESTE;MG;-20,7489734;-46,7627627
SUDESTE;MG;-20,6039382;-46,9106961
SUDESTE;MG;-20,7373922;-46,6545809
SUDESTE;MG;-20,7564050;-42,8711022
SUDESTE;MG;-20,7625950;-42,8641293
SUDESTE;MG;-20,7653937;-42,8670267
SUDESTE;MG;-20,7403881;-42,8437789
SUDESTE;MG;-20,7474109;-42,8390417
SUDESTE;MG;-21,3306134;-44,9838917
SUDESTE;MG;-21,3302859;-44,9819160
SUDESTE;MG;-21,3330862;-44,9745698
SUDESTE;MG;-21,3327146;-44,9728412
SUDESTE;MG;-21,3304583;-44,9681942
SUDESTE;MG;-21,3295158;-44,9688072
SUDESTE;MG;-19,6444121;-42,8188547
SUDESTE;MG;-18,4803692;-43,0386095
SUDESTE;MG;-20,0319841;-47,4342421
SUDESTE;MG;-20,0247606;-48,2150747
SUDESTE;MG;-20,1193948;-48,5733326
SUDESTE;MG;-20,1247573;-48,5723362
SUDESTE;MG;-20,2940128;-49,1944528
SUDESTE;MG;-20,3015000;-49,1972345
SUDESTE;MG;-21,1326782;-45,0228794
SUDESTE;MG;-21,2276372;-44,9759475
SUDESTE;MG;-21,2274852;-44,9786388
SUDESTE;MG;-21,2291141;-44,9746058
SUDESTE;MG;-21,2278997;-44,9735593
SUDESTE;MG;-21,0505260;-45,2858589
SUDESTE;MG;-21,0593648;-45,3158092
SUDESTE;MG;-21,0498902;-45,2786115
SUDESTE;MG;-21,0803720;-45,2571318
SUDESTE;MG;-21,1316898;-45,2517131
SUDESTE;MG;-21,1396268;-45,2223609
SUDESTE;MG;-21,1158011;-45,2123177
SUDESTE;MG;-21,0711498;-45,2301308
SUDESTE;MG;-21,0878110;-45,1780533
SUDESTE;MG;-21,1672804;-45,1166869
SUDESTE;MG;-21,1901624;-45,0569930
SUDESTE;MG;-20,0492576;-47,4056955
SUDESTE;MG;-20,0510312;-47,4061054
SUDESTE;MG;-19,7710237;-43,0188098
SUDESTE;MG;-18,2149818;-45,2598255
SUDESTE;MG;-18,4242683;-49,1189247
SUDESTE;MG;-18,4069112;-49,0972581
SUDESTE;MG;-20,7380812;-46,7361314
SUDESTE;MG;-20,8620348;-46,8984670
SUDESTE;MG;-20,8948855;-47,0021116
SUDESTE;MG;-21,0712379;-46,9795535
SUDESTE;MG;-21,1929657;-46,9729304
SUDESTE;MG;-21,3499525;-46,9407411
SUDESTE;MG;-19,1352534;-47,9346370
SUDESTE;MG;-18,8794138;-48,9705930
SUDESTE;MG;-19,8899847;-49,3729311
SUDESTE;MG;-16,1452036;-40,1743465
SUDESTE;MG;-16,1495810;-40,5032316
SUDESTE;MG;-18,0632994;-41,6748089
SUDESTE;MG;-17,3479490;-44,9068594
SUDESTE;MG;-16,1146103;-45,6238287
SUDESTE;MG;-17,2240651;-46,8743006
SUDESTE;MG;-18,5894766;-46,5169278
SUDESTE;MG;-19,4001171;-47,3213885
SUDESTE;MG;-18,1044781;-45,4681658
SUDESTE;MG;-18,3665645;-44,4404761
SUDESTE;MG;-17,2132360;-44,4454414
SUDESTE;MG;-20,3300221;-42,3647085
SUDESTE;MG;-15,7459192;-43,0608185
SUDESTE;MG;-21,0090203;-42,8197002
SUDESTE;MG;-21,1635899;-42,4575896
SUDESTE;MG;-15,6297401;-43,7306539
SUDESTE;MG;-15,3754072;-44,2665852
SUDESTE;MG;-17,0001680;-45,9702632
SUDESTE;MG;-16,5651476;-45,9881624
SUDESTE;MG;-16,8306603;-45,5220234
SUDESTE;MG;-16,6952868;-45,4130999
SUDESTE;MG;-16,7108760;-46,0452779
SUDESTE;MG;-14,8928668;-43,8263905
SUDESTE;MG;-16,6636409;-45,0952486
SUDESTE;MG;-16,5708945;-44,8792060
SUDESTE;MG;-15,6023422;-42,5286708
SUDESTE;MG;-14,6928580;-44,8008314
SUDESTE;MG;-15,5014832;-44,6679809
SUDESTE;MG;-16,4841377;-41,0259017
SUDESTE;MG;-15,7793924;-45,2344973
SUDESTE;MG;-16,2070800;-45,0416454
SUDESTE;MG;-15,5053911;-45,3958059
SUDESTE;MG;-16,3021435;-44,7486341
SUDESTE;MG;-16,5357349;-41,3652057
SUDESTE;MG;-15,6474853;-44,3994643
SUDESTE;MG;-15,9034243;-44,3039742
SUDESTE;MG;-18,0821907;-42,9194387
SUDESTE;MG;-15,3044364;-45,6488167
SUDESTE;MG;-21,2323512;-43,4101183
SUDESTE;MG;-16,1049305;-44,6025985
SUDESTE;MG;-16,5419621;-44,3634340
SUDESTE;MG;-16,2967402;-44,1477475
SUDESTE;MG;-16,9011613;-40,9281158
SUDESTE;MG;-17,2831616;-40,9313089
SUDESTE;MG;-20,3878489;-44,3499067
SUDESTE;MG;-18,9475626;-49,7666908
SUDESTE;MG;-18,9075818;-50,2095614
SUDESTE;MG;-18,8072714;-48,5753449
SUDESTE;MG;-21,8813096;-45,0841758
SUDESTE;MG;-19,7876377;-45,2117266
SUDESTE;MG;-19,4224440;-45,8390098
SUDESTE;MG;-21,8407217;-45,5175245
SUDESTE;MG;-22,2414191;-45,8823276
SUDESTE;MG;-22,4636082;-45,6407870
SUDESTE;MG;-22,8491812;-46,3214978
SUDESTE;MG;-22,2551683;-45,7110360
SUDESTE;MG;-19,1629028;-45,2232827
SUDESTE;MG;-19,5658216;-41,3676652
SUDESTE;MG;-19,8743152;-41,7745366
SUDESTE;MG;-19,0519222;-42,1448593
SUDESTE;MG;-21,4675607;-45,9459534
SUDESTE;MG;-21,2428986;-44,5121947
SUDESTE;MG;-21,2287792;-44,3758410
SUDESTE;MG;-21,1748897;-43,9725096
SUDESTE;MG;-21,2737762;-46,1433734
SUDESTE;MG;-21,5618534;-46,3998305
SUDESTE;MG;-18,8513217;-48,7924810
SUDESTE;MG;-19,5075154;-49,4689217
SUDESTE;MG;-19,7270904;-50,2407673
SUDESTE;MG;-19,8066863;-49,9197210
SUDESTE;MG;-19,2879893;-47,6186608
SUDESTE;MG;-19,6995209;-47,0364498
SUDESTE;MG;-19,1868309;-47,8726841
SUDESTE;MG;-18,5138638;-47,4072336
SUDESTE;MG;-17,7407371;-46,1741388
SUDESTE;MG;-18,4698785;-47,2025528
SUDESTE;MG;-16,6827553;-42,4678469
SUDESTE;MG;-16,7329080;-43,8464123
SUDESTE;MG;-19,8855799;-43,8005082
SUDESTE;RJ;-22,8191022;-43,3066533
SUDESTE;RJ;-22,8191546;-43,3065724
SUDESTE;RJ;-22,8178444;-43,3062766
SUDESTE;RJ;-22,9784683;-42,0202613
SUDESTE;RJ;-22,5104396;-44,6362521
SUDESTE;RJ;-23,1948156;-44,7281424
SUDESTE;RJ;-22,9666781;-44,0447840
SUDESTE;RJ;-22,5049266;-44,6001948
SUDESTE;RJ;-22,7040336;-44,0959988
SUDESTE;RJ;-22,4559617;-44,3943458
SUDESTE;RJ;-22,6055258;-43,9354219
SUDESTE;RJ;-22,4497006;-44,3184273
SUDESTE;RJ;-22,5523662;-44,0681124
SUDESTE;RJ;-22,5275333;-43,7217355
SUDESTE;RJ;-22,6387525;-43,6656212
SUDESTE;RJ;-22,6406837;-43,7130728
SUDESTE;RJ;-22,1966026;-43,3155047
SUDESTE;RJ;-22,1249159;-43,2289910
SUDESTE;RJ;-21,9383040;-42,5962143
SUDESTE;RJ;-22,4941699;-43,5208131
SUDESTE;RJ;-22,4134916;-43,1401147
SUDESTE;RJ;-21,8441414;-42,5785575
SUDESTE;RJ;-22,3695553;-41,7845022
SUDESTE;RJ;-22,5596033;-42,8616097
SUDESTE;RJ;-21,9206241;-42,1574956
SUDESTE;RJ;-21,7219195;-41,9422151
SUDESTE;RJ;-21,6534772;-41,7407452
SUDESTE;RJ;-21,1267923;-41,9320142
SUDESTE;RJ;-22,1019283;-41,4521838
SUDESTE;RJ;-22,0139063;-40,9970758
SUDESTE;RJ;-21,4773589;-41,1138355
SUDESTE;RJ;-22,2759269;-41,7058100
SUDESTE;RJ;-22,4758039;-41,8944387
SUDESTE;RJ;-22,0823316;-42,0695316
SUDESTE;RJ;-22,4662465;-42,0717004
SUDESTE;RJ;-22,8858893;-42,4763552
SUDESTE;RJ;-22,6917953;-42,5470085
SUDESTE;RJ;-22,8654856;-42,3152334
SUDESTE;RJ;-22,5190383;-42,3422330
SUDESTE;RJ;-22,8469856;-42,1858095
SUDESTE;RJ;-22,7744833;-41,9305506
SUDESTE;RJ;-22,9646069;-42,8697502
SUDESTE;RJ;-22,9665154;-43,0474734
SUDESTE;RJ;-22,9548256;-42,7028078
SUDESTE;RJ;-22,9346858;-42,6238898
SUDESTE;RJ;-22,9690651;-42,9833945
SUDESTE;RJ;-22,9332518;-42,5071982
SUDESTE;RJ;-22,9344894;-42,3682706
SUDESTE;RJ;-22,9564139;-42,7804774
SUDESTE;RJ;-22,8565366;-43,1030419
SUDESTE;RJ;-22,9301715;-42,2285179
SUDESTE;RJ;-22,9440427;-42,1266524
SUDESTE;RJ;-22,8831430;-43,1347289
SUDESTE;RJ;-22,3891152;-41,7706803
SUDESTE;RJ;-22,3890127;-41,7707864
SUDESTE;RJ;-22,3868436;-41,7693948
SUDESTE;RJ;-22,8465712;-43,2364323
SUDESTE;RJ;-22,8236794;-43,2315360
SUDESTE;RJ;-22,6456087;-43,0701931
SUDESTE;RJ;-21,2003954;-41,7159273
SUDESTE;RJ;-22,7715162;-42,9285341
SUDESTE;RJ;-22,2449164;-42,9159659
SUDESTE;RJ;-22,4964825;-44,6605134
SUDESTE;RJ;-22,9223591;-43,0947502
SUDESTE;RJ;-21,4930416;-41,6146152
SUDESTE;RJ;-22,9267725;-42,9240315
SUDESTE;RJ;-22,8057794;-42,9810757
SUDESTE;RJ;-22,3854806;-41,7707501
SUDESTE;RJ;-22,3858962;-41,7695291
SUDESTE;RJ;-22,3857566;-41,7694381
SUDESTE;RJ;-22,2306254;-41,7780080
SUDESTE;RJ;-22,3015488;-41,7230877
SUDESTE;RJ;-22,3925365;-41,7782820
SUDESTE;RJ;-22,4911055;-41,9149671
SUDESTE;RJ;-22,5895285;-41,9937954
SUDESTE;RJ;-22,6561273;-41,9990294
SUDESTE;RJ;-22,7170826;-42,0192771
SUDESTE;RJ;-22,7841078;-41,9771028
SUDESTE;RJ;-22,8250084;-42,0029427
SUDESTE;RJ;-22,9085675;-42,0344038
SUDESTE;RJ;-22,9515822;-42,0440003
SUDESTE;SP;-22,6942382;-45,1397548
SUDESTE;SP;-23,5665728;-46,7325846
SUDESTE;SP;-21,0858124;-48,4033954
SUDESTE;SP;-20,9328399;-48,4721842
SUDESTE;SP;-20,7212416;-48,5363156
SUDESTE;SP;-20,2623761;-48,6748720
SUDESTE;SP;-23,2134842;-45,8605913
SUDESTE;SP;-21,9505266;-50,9414528
SUDESTE;SP;-22,9044714;-50,0019012
SUDESTE;SP;-21,7134889;-50,7275925
SUDESTE;SP;-23,7926242;-45,3586985
SUDESTE;SP;-23,5508467;-46,7315776
SUDESTE;SP;-23,4114417;-45,5936430
SUDESTE;SP;-21,6251631;-47,0180133
SUDESTE;SP;-20,5819065;-47,3809555
SUDESTE;SP;-21,2351641;-48,2863848
SUDESTE;SP;-20,7846569;-49,3581848
SUDESTE;SP;-21,7549189;-48,9927658
SUDESTE;SP;-20,2524603;-50,1835142
SUDESTE;SP;-23,2134838;-45,8605936
SUDESTE;SP;-23,2127667;-45,8596980
SUDESTE;SP;-23,2225809;-45,8654884
SUDESTE;SP;-23,2343860;-45,8537701
SUDESTE;SP;-23,2257690;-45,8631307
SUDESTE;SP;-23,2193792;-45,8721470
SUDESTE;SP;-20,1543701;-47,2869208
SUDESTE;SP;-20,2613997;-47,3674521
SUDESTE;SP;-22,6869607;-44,9842878
SUDESTE;SP;-23,5293356;-48,0098634
SUDESTE;SP;-24,4421562;-47,7829551
SUDESTE;SP;-22,8047918;-48,4274363
SUDESTE;SP;-20,2417955;-47,3102734
SUDESTE;SP;-20,2445144;-47,2713686
SUDESTE;SP;-22,6754365;-45,0007562
SUDESTE;SP;-25,0202393;-47,9249685
SUDESTE;SP;-21,5963944;-50,6014286
SUDESTE;SP;-22,6799845;-44,9911428
SUDESTE;SP;-22,6916829;-44,9908086
SUDESTE;SP;-22,6872269;-44,9851633
SUDESTE;SP;-22,6867011;-44,9847929
SUDESTE;SP;-22,6873705;-44,9857946
SUDESTE;SP;-20,0210633;-47,4357342
SUDESTE;SP;-20,0356026;-48,2229336
SUDESTE;SP;-20,2716257;-47,4545204
SUDESTE;SP;-20,6252754;-49,3528561
SUDESTE;SP;-22,9381794;-48,3927779
SUDESTE;SP;-22,9355632;-48,3593177
SUDESTE;SP;-21,8069298;-48,8385048
SUDESTE;SP;-21,9392862;-48,8011150
SUDESTE;SP;-20,2719653;-47,4553697
SUDESTE;SP;-20,5831466;-48,5974632
SUDESTE;SP;-21,5250232;-50,5516377
SUDESTE;SP;-21,3975655;-50,4833494
SUDESTE;SP;-21,3387062;-50,3999975
SUDESTE;SP;-21,2203796;-50,3029280
SUDESTE;SP;-21,0569952;-50,2009530
SUDESTE;SP;-22,1199909;-51,4089639
SUDESTE;SP;-22,1281713;-51,4281761
SUDESTE;SP;-22,1189359;-51,4084312
SUDESTE;SP;-22,1200227;-51,4075957
SUDESTE;SP;-22,1253460;-51,4027152
SUDESTE;SP;-21,4375693;-47,0096851
SUDESTE;SP;-22,6827554;-44,3220917
SUDESTE;SP;-21,1854098;-49,5830830
SUDESTE;SP;-21,0313645;-49,6469204
SUDESTE;SP;-22,1199047;-51,4085340
SUDESTE;SP;-21,2410525;-48,2866494
SUDESTE;SP;-23,2134535;-45,8608179
SUDESTE;SP;-21,7916176;-50,7968389
SUDESTE;SP;-21,8583693;-50,6893384
SUDESTE;SP;-22,0105322;-47,4127514
SUDESTE;SP;-21,6891248;-48,0824053
SUDESTE;SP;-22,2869041;-48,0025087
SUDESTE;SP;-22,0373858;-47,8363162
SUDESTE;SP;-22,3183631;-47,6587027
SUDESTE;SP;-21,8603153;-47,5211140
SUDESTE;SP;-22,4744208;-47,1330459
SUDESTE;SP;-22,2946693;-47,3931139
SUDESTE;SP;-23,7062876;-48,4848289
SUDESTE;SP;-22,8967123;-47,1882946
SUDESTE;SP;-24,3186943;-48,6182685
SUDESTE;SP;-24,7381318;-48,5133333
SUDESTE;SP;-23,7791010;-47,5101311
SUDESTE;SP;-24,3595544;-47,6868589
SUDESTE;SP;-20,6093896;-50,8098135
SUDESTE;SP;-20,7841318;-51,2115932
SUDESTE;SP;-21,3808357;-51,6781356
SUDESTE;SP;-21,8945322;-51,8383588
SUDESTE;SP;-21,4853677;-51,7418370
SUDESTE;SP;-22,5252621;-50,2887221
SUDESTE;SP;-22,2653858;-49,9960893
SUDESTE;SP;-22,2852398;-49,4915072
SUDESTE;SP;-22,6215843;-49,3827390
SUDESTE;SP;-22,8828887;-48,7578013
SUDESTE;SP;-21,2659502;-47,8181379
SUDESTE;SP;-20,2449437;-47,8743244
SUDESTE;SP;-23,7562526;-45,8774278
SUDESTE;SP;-23,6672488;-45,4364118
SUDESTE;SP;-24,0315672;-46,3993456
SUDESTE;SP;-24,2812211;-47,2247038
SUDESTE;SP;-24,2225386;-47,9270063
SUDESTE;SP;-23,0394185;-47,8975980
SUL;PR;-25,4555288;-49,2374304
SUL;PR;-25,4483686;-49,2309548
SUL;PR;-25,4521318;-49,7136358
SUL;PR;-25,4522587;-49,2359361
SUL;PR;-25,4540867;-49,2367715
SUL;PR;-25,5791022;-54,5591295
SUL;PR;-23,0927217;-52,4412033
SUL;PR;-24,7530239;-51,7761673
SUL;PR;-22,9354305;-52,1400965
SUL;PR;-22,6963865;-51,7919334
SUL;PR;-24,7249367;-49,9863699
SUL;PR;-24,0153659;-51,0917001
SUL;PR;-24,2556929;-49,7132373
SUL;PR;-23,2464698;-50,7269278
SUL;PR;-24,0808160;-54,1870607
SUL;PR;-23,8749019;-53,8909314
SUL;PR;-23,3961134;-53,6222441
SUL;PR;-22,7375937;-52,9735705
SUL;PR;-23,0226641;-52,4950248
SUL;PR;-23,1933283;-51,8884273
SUL;PR;-23,3276676;-51,5437650
SUL;PR;-23,3143239;-51,3653151
SUL;PR;-23,4107314;-51,4356370
SUL;PR;-23,6620747;-51,6917918
SUL;PR;-24,0999335;-51,6498157
SUL;PR;-23,6882243;-49,8335201
SUL;PR;-23,8896361;-50,2722059
SUL;PR;-24,1700992;-49,7982672
SUL;PR;-24,9741911;-54,3917991
SUL;PR;-24,4888138;-52,8938454
SUL;PR;-24,0962411;-52,6232107
SUL;PR;-25,0019778;-53,5021462
SUL;PR;-25,1091331;-52,8558666
SUL;PR;-25,5220336;-51,5398838
SUL;PR;-25,1790674;-50,6561420
SUL;PR;-25,2185833;-50,0563493
SUL;PR;-25,6342143;-49,8312629
SUL;PR;-26,2173672;-51,5172326
SUL;PR;-24,6651829;-50,6833077
SUL;PR;-25,1113018;-48,7648235
SUL;PR;-25,6973313;-48,4759079
SUL;PR;-24,0036400;-50,4464865
SUL;PR;-23,5312014;-50,1197177
SUL;PR;-25,2265814;-50,5992965
SUL;PR;-24,5665493;-51,3375284
SUL;PR;-23,7223914;-52,1800140
SUL;PR;-23,7893704;-53,0603096
SUL;PR;-24,5570774;-52,9985344
SUL;PR;-24,3755293;-53,8350235
SUL;PR;-25,1499081;-53,8439080
SUL;PR;-25,7498442;-53,0535789
SUL;PR;-26,2665338;-52,7826059
SUL;PR;-25,4258255;-52,0179865
SUL;PR;-25,6969978;-51,6599773
SUL;RS;-30,0740424;-51,1197648
SUL;RS;-30,0731809;-51,1197747
SUL;RS;-29,8343847;-55,6858042
SUL;RS;-30,8582436;-55,5020138
SUL;RS;-30,3812448;-56,3970780
SUL;RS;-30,1779067;-56,0547412
SUL;RS;-30,2415909;-54,9508785
SUL;RS;-29,6663734;-54,6727409
SUL;RS;-29,6953655;-53,7750871
SUL;RS;-29,7108457;-53,7168047
SUL;RS;-32,2491159;-53,5536770
SUL;RS;-33,7012836;-53,4210334
SUL;RS;-31,8137886;-54,1567500
SUL;RS;-28,3783195;-54,2837667
SUL;RS;-28,0563437;-51,1297603
SUL;RS;-28,7376917;-51,0932345
SUL;RS;-27,8145386;-53,0392795
SUL;RS;-28,6356413;-53,6138781
SUL;RS;-29,1720307;-52,2058918
SUL;RS;-28,6140513;-51,8773767
SUL;RS;-28,6693250;-50,4358872
SUL;RS;-31,3907267;-52,6774992
SUL;RS;-30,1565119;-52,1174592
SUL;RS;-30,2422288;-52,7474274
SUL;RS;-29,5888169;-51,0865437
SUL;RS;-31,6957181;-52,4239901
SUL;RS;-30,9438728;-54,1097508
SUL;RS;-29,7002478;-52,8594946
SUL;RS;-31,5555776;-53,4096287
SUL;RS;-29,3153580;-50,2135038
SUL;RS;-29,7781008;-50,1743609
SUL;RS;-28,3659853;-52,9773522
SUL;RS;-29,1630340;-51,8577433
SUL;RS;-27,9776355;-52,9048375
SUL;RS;-27,6757763;-53,8033315
SUL;RS;-27,7893339;-54,3863383
SUL;RS;-27,1640747;-53,4056677
SUL;RS;-27,2874780;-52,9441518
SUL;RS;-27,6410540;-52,2959273
SUL;RS;-27,9528550;-52,0156978
SUL;RS;-27,5689193;-51,9410940
SUL;RS;-29,7936600;-57,0137974
SUL;RS;-28,9132564;-55,6219985
SUL;RS;-28,5957574;-55,6522755
SUL;RS;-28,4930223;-55,3718821
SUL;RS;-30,8820615;-54,8822201
SUL;RS;-31,2652444;-54,1393153
SUL;RS;-30,6938168;-53,2466714
SUL;RS;-30,3396870;-54,0594236
SUL;RS;-29,1252183;-53,6490929
SUL;RS;-29,1019563;-54,9175902
SUL;RS;-29,0751762;-54,5091646
SUL;RS;-32,0986830;-52,9104723
SUL;RS;-31,3140645;-52,0227903
SUL;RS;-30,5908997;-51,5381558
SUL;RS;-30,6962071;-52,0595120
SUL;RS;-29,4612505;-51,9575768
SUL;RS;-29,3823177;-55,4299835
SUL;RS;-29,2620340;-56,5817523
SUL;RS;-29,1631147;-56,3816552
SUL;RS;-28,8907254;-53,0321438
SUL;RS;-28,7957039;-52,7944467
SUL;RS;-28,4192544;-54,8699827
SUL;RS;-27,8870824;-55,0402332
SUL;RS;-29,2244093;-51,3480439
SUL;RS;-29,6895052;-52,4023660
SUL;SC;-28,2381122;-48,6594405
SUL;SC;-28,2300649;-48,6543281
SUL;SC;-28,2366133;-48,6560785
SUL;SC;-27,0723973;-52,6266937
SUL;SC;-27,9205202;-50,1034586
SUL;SC;-26,5000536;-53,5060341
SUL;SC;-26,7249549;-51,6322518
SUL;SC;-26,2702300;-49,9190782
SUL;SC;-26,9132993;-50,4445738
SUL;SC;-26,1766491;-49,0076526
SUL;SC;-26,3139986;-49,9099339
SUL;SC;-27,2649748;-49,8849049
SUL;SC;-27,0604718;-49,4120238
SUL;SC;-27,6599442;-49,1256325
SUL;SC;-29,0791983;-49,6292029
SUL;SC;-27,8228878;-49,5700003
SUL;SC;-27,9561268;-50,4844354
SUL;SC;-27,6014893;-50,7295496
SUL;SC;-28,3617516;-49,5866506
SUL;SC;-27,1547147;-53,7330317
SUL;SC;-26,5668139;-52,3267969
SUL;SC;-27,3308108;-51,3552251
SUL;SC;-27,4399991;-50,1735964
SUL;SC;-27,5250670;-50,6470917
SUL;SC;-28,3135592;-49,6941700
SUL;SC;-28,1939291;-49,9957816
SUL;SC;-28,4131976;-50,0486626
SUL;SC;-28,8213621;-49,3993710
SUL;SC;-28,3981982;-50,0887382
SUL;SC;-27,4926420;-48,5038314
SUL;SC;-26,7819468;-48,6685682
SUL;SC;-27,8106582;-49,6160360
;;;
;;;
* Valores calculados a partir das altitudes disponíveis nas estações de conexão SAT-RN;;;
** Valores obtidos por interpolação do modelo hgeoHNOR2020;;;
